{"cameraMode":{"drawMode":0,"name":"Shaded","section":"Shading Mode"},"sceneLighting":true,"audioPlay":false,"sceneViewState":{"m_AlwaysRefresh":false,"showFog":true,"showSkybox":true,"showFlares":true,"showImageEffects":true,"showParticleSystems":true,"showVisualEffectGraphs":true,"m_FxEnabled":true},"in2DMode":false,"pivot":{"x":-28.511133193969728,"y":2.2386183738708498,"z":-20.77283477783203},"rotation":{"x":0.0943322479724884,"y":-0.023890623822808267,"z":0.002264410723000765,"w":0.9952515363693237},"size":3.044931411743164,"orthographic":false}