{"cameraMode":{"drawMode":0,"name":"Shaded","section":"Shading Mode"},"sceneLighting":true,"audioPlay":false,"sceneViewState":{"m_AlwaysRefresh":false,"showFog":true,"showSkybox":true,"showFlares":true,"showImageEffects":true,"showParticleSystems":true,"showVisualEffectGraphs":true,"m_FxEnabled":true},"in2DMode":false,"pivot":{"x":-28.406829833984376,"y":0.07419638335704804,"z":-15.724647521972657},"rotation":{"x":-0.16898363828659059,"y":0.0005839939112775028,"z":-0.00010032540740212426,"w":-0.9856195449829102},"size":4.649093151092529,"orthographic":false}