{"cameraMode":{"drawMode":0,"name":"Shaded","section":"Shading Mode"},"sceneLighting":true,"audioPlay":false,"sceneViewState":{"m_AlwaysRefresh":false,"showFog":true,"showSkybox":true,"showFlares":true,"showImageEffects":true,"showParticleSystems":true,"showVisualEffectGraphs":true,"m_FxEnabled":true},"in2DMode":false,"pivot":{"x":-28.480466842651368,"y":0.4425395131111145,"z":-14.798290252685547},"rotation":{"x":-0.579900860786438,"y":-0.00269086891785264,"z":0.0019152138847857714,"w":-0.8146823048591614},"size":6.626280784606934,"orthographic":false}