{"cameraMode":{"drawMode":0,"name":"Shaded","section":"Shading Mode"},"sceneLighting":true,"audioPlay":false,"sceneViewState":{"m_AlwaysRefresh":false,"showFog":true,"showSkybox":true,"showFlares":true,"showImageEffects":true,"showParticleSystems":true,"showVisualEffectGraphs":true,"m_FxEnabled":true},"in2DMode":false,"pivot":{"x":-32.29616928100586,"y":11.688427925109864,"z":-19.953166961669923},"rotation":{"x":0.6295602917671204,"y":0.0065366849303245548,"z":-0.0052701919339597229,"w":0.7769351601600647},"size":0.928591787815094,"orthographic":false}