{"cameraMode":{"drawMode":0,"name":"Shaded","section":"Shading Mode"},"sceneLighting":true,"audioPlay":false,"sceneViewState":{"m_AlwaysRefresh":false,"showFog":true,"showSkybox":true,"showFlares":true,"showImageEffects":true,"showParticleSystems":true,"showVisualEffectGraphs":true,"m_FxEnabled":true},"in2DMode":false,"pivot":{"x":-27.82480812072754,"y":5.9075703620910648,"z":-22.016036987304689},"rotation":{"x":0.2828846275806427,"y":-0.000862642889842391,"z":0.0002572275116108358,"w":0.9591598510742188},"size":3.8343937397003176,"orthographic":false}