{"cameraMode":{"drawMode":0,"name":"Shaded","section":"Shading Mode"},"sceneLighting":true,"audioPlay":false,"sceneViewState":{"m_AlwaysRefresh":false,"showFog":true,"showSkybox":true,"showFlares":true,"showImageEffects":true,"showParticleSystems":true,"showVisualEffectGraphs":true,"m_FxEnabled":true},"in2DMode":false,"pivot":{"x":-25.317901611328126,"y":0.04701031744480133,"z":-18.794492721557618},"rotation":{"x":0.020774435251951219,"y":-0.6842078566551209,"z":0.01950521022081375,"w":0.7287302017211914},"size":1.6595181226730347,"orthographic":false}