{"cameraMode":{"drawMode":0,"name":"Shaded","section":"Shading Mode"},"sceneLighting":true,"audioPlay":false,"sceneViewState":{"m_AlwaysRefresh":false,"showFog":true,"showSkybox":true,"showFlares":true,"showImageEffects":true,"showParticleSystems":true,"showVisualEffectGraphs":true,"m_FxEnabled":true},"in2DMode":false,"pivot":{"x":1003.8988647460938,"y":586.2427368164063,"z":48.71502685546875},"rotation":{"x":-0.3818439543247223,"y":-0.009152432903647423,"z":0.0037810830399394037,"w":-0.9241783618927002},"size":589.964599609375,"orthographic":false}